"",symbol,name
1,BLIN,Bridgeline
2,SPCE,Virgin
3,MRIN,Marin
4,DIDI,DiDi
5,AMC,AMC
6,SNDL,Sundial
7,STAF,Staffing 360
8,ITRM,Iterum
9,AAPL,Apple
10,NIO,NIO
11,[^I|You] WISH,ContextLogic
12,AMD,Advanced Micro Devices
13,XELA,Exela Technologies  
14,OPTT,Ocean Power
15,Ford,Ford
16,CTXR,Citius Pharmaceuticals  
17,NAKD,Naked Brand
18,VEON,VEON
19,ALEC,Alector
20,TXMD,TherapeuticsMD  
21,TATT,TAT Technologies
22,RIG,Transocean
23,BRQS,Borqs Technologies
24,ZOM,Zomedica
25,GE,General Electric
26,CLOV,Clover Health
27,ITUB,Itau Unibanco
28,PLTR,Palantir
29,BAC,Bank of America
30,AHT,Ashford
31,SQBG,Sequential Brands
32,AT\&T,AT\&T
33,ATOS,Atossa
34,TSLA,Tesla
35,MSFT,Microsoft
36,SOFI,SoFi Technologies
37,LI,Li Auto
38,CEI,Camber
39,GEE,GEE
40,BBD,Banco Bradesco Sa American
41,MU,Micron
42,EDU,New Oriental Education
43,ATHE,Alterity
44,AAL,American Airlines
45,CCL,Carnival
46,VALE,VALE
47,BSQR,BSQUARE
48,WKHS,Workhorse
49,PBR,Petroleo
50,TAL,TAL
51,OSG,Overseas Shipholding
52,ZNGA,Zynga
53,CLF,Cleveland-Cliffs
54,ASTR,Astra
55,XPEV,XPeng
56,SENS,Senseonics Holdings
57,INTC,Intel
58,IBM,International Business Machines Corporation 
59,PFE,Pfizer 
60,NOK,Nokia
61,WAVE,Eco Wave
62,WBA,Walgreens
63,OCGN,Ocugen
64,BA,Boeing
65,ORCL,Oracle
66,ABEV,Ambev
68,United States Steel,United States Steel
69,CSCO,Cisco
70,IVR,INVESCO
71,FCEL,FuelCell Energy  
72,NLY,Annaly
73,XOM,Exxon
74,IDEX,Ideanomics
75,MRO,Marathon Oil
76,UBER,Uber
77,Citigroup, Citigroup
78,PLUG,Plug Power  
79,WFC,Wells Fargo
80,TLRY,Tilray
81,SIRI,Sirius
82,BABA,Alibaba
83,SRNE,Sorrento
84,JPM,JP Morgan
85,VZ,Verizon
86,FB,Facebook
87,AUY,Yamana
88,CSX,CSX
89,APPS,Digital Turbine
90,DIS,Disney
91,KGC,Kinross Gold
92,SNAP,Snap
93,Barrick,Barrick
94,ENG,ENGlobal
95,OXY,Occidental Petroleum
96,BNGO,Bionano
97,KO,Coca Cola
98,FCX,Freeport-McMoRan
99,BB,BlackBerry
100,VIAC,ViacomCBS
101, GME,GameStop
